{"cameraMode":{"drawMode":0,"name":"Shaded","section":"Shading Mode"},"sceneLighting":false,"audioPlay":false,"sceneViewState":{"m_AlwaysRefresh":false,"showFog":true,"showSkybox":false,"showFlares":true,"showImageEffects":true,"showParticleSystems":true,"showVisualEffectGraphs":true,"m_FxEnabled":true},"in2DMode":false,"pivot":{"x":0.06502190232276917,"y":2.1569409370422365,"z":-0.8821120858192444},"rotation":{"x":-0.0362812764942646,"y":0.03356900438666344,"z":-0.001219577039591968,"w":-0.9987794756889343},"size":0.3784492015838623,"orthographic":false}